http://blog.freeside.co/testing-with-embedded-vertx/, http://blog.freeside.co/post/41774683415/testing-with-embedded-vertx
http://blog.freeside.co/grails-2-upgrade-part-1/, http://ad-hockery.tumblr.com/post/41774508756/grails-2-upgrade-part-1
http://blog.freeside.co/welcome-to-the-new-ad-hockery/, http://blog.freeside.co/post/welcome-to-the-new-ad-hockery
http://blog.freeside.co/organizing-functional-tests/, http://blog.freeside.co/post/41774546011/organizing-functional-tests
http://blog.freeside.co/optional-tag-bodies/, http://blog.freeside.co/post/41774586420/optional-tag-bodies
http://blog.freeside.co/twitter-bootstrap-and-semantics/, http://blog.freeside.co/post/41774610097/twitter-bootstrap-and-semantics
http://blog.freeside.co/semi-restful-scaffolded-controllers/, http://blog.freeside.co/post/41774629876/semi-restful-scaffolded-controllers
http://blog.freeside.co/spock-killer-features-the-old-method/, http://blog.freeside.co/post/41774646403/spock-killer-features-the-old-method
http://blog.freeside.co/wiring-taglib-dependencies-in-unit-tests/, http://blog.freeside.co/post/41774569512/wiring-taglib-dependencies-in-unit-tests
http://blog.freeside.co/testing-callbacks-with-spock-mocks/, http://blog.freeside.co/post/41774661851/testing-callbacks-with-spock-mocks
http://blog.freeside.co/derived-values-in-spock-where-tables/, http://blog.freeside.co/post/41774699277/derived-values-in-spock-where-tables
http://adhockery.github.com/derived-values-in-spock-where-tables/, http://blog.freeside.co/post/41774699277/derived-values-in-spock-where-tables
http://blog.freeside.co/testing-angular-forms-with-casper/, http://blog.freeside.co/post/41774715101/testing-angular-forms-with-casper
http://blog.freeside.co/is-this-a-dagger-i-see-before-me/, http://blog.freeside.co/post/41774730401/is-this-a-dagger-i-see-before-me
http://blog.freeside.co/less-with-modernizr-and-media-queries/, http://blog.freeside.co/post/41774765950/less-with-modernizr-and-media-queries
http://blog.freeside.co/less-vs-sass-variable-scopes/, http://blog.freeside.co/post/41774744757/less-vs-sass-variable-scopes
http://blog.freeside.co/jerry-a-jquery-like-api-for-dom-parsing/, http://blog.freeside.co/post/41774782052/jerry-a-jquery-like-api-for-dom-parsing
http://blog.freeside.co/grails-and-front-end-tools/, http://blog.freeside.co/post/41774804245/grails-and-front-end-tools
http://blog.freeside.co/coffeescript-gotchas-for-loops/, http://blog.freeside.co/post/41774818353/coffeescript-gotchas-for-loops
http://blog.freeside.co/getting-started-with-angular-unit-tests/, http://blog.freeside.co/post/41774841006/getting-started-with-angular-unit-tests
